{"w_deep": 0.23607244353321918, "w_bio": 0.7639275564667808}